{
  "arrays_1d": {
    "N_specific_mean_per_band": [
      0.0,
      0.0,
      0.0,
      0.0,
      0.0002578648801007261,
      0.02583564047380236,
      0.1101204143231342,
      0.2280359436893142,
      0.3441609486352385,
      0.3797627922641768,
      0.30707366905765787,
      0.21309938858234975,
      0.13758067827529175,
      0.09823320740618592,
      0.08839467193254674,
      0.08791385949476768,
      0.08657437577634113,
      0.07981436812752249,
      0.07538000097037861,
      0.07593211421577611,
      0.10619912621458877,
      0.20404505093677489,
      0.3304983280424845,
      0.4244068892520161,
      0.39667918917419503,
      0.2981136821349977,
      0.21353204459843875,
      0.16890381333504992,
      0.1615301411928323,
      0.16540619886173233,
      0.17388799934633933,
      0.1833597487657173,
      0.19050949149397906,
      0.19543506040331673,
      0.19455910542608865,
      0.1873222739982665,
      0.17364146812247505,
      0.15497395444758516,
      0.13347964458085831,
      0.11261261838030948,
      0.0938322179575429,
      0.07942584025826475,
      0.06984860707967978,
      0.0648854862518343,
      0.06390857298680157,
      0.06493479858901402,
      0.0656834436934384,
      0.06390781430538552,
      0.057900393497731864,
      0.04682673032602567,
      0.030098375379415076,
      0.008442006852453443,
      0.0
    ],
    "N_time": [
      0.0,
      2.689745272531079,
      3.4970528326976695,
      3.6154557241902365,
      3.6155496146113992,
      3.6148727214118304,
      3.6419479372182724,
      3.6494388089767047,
      3.6120358129999017,
      3.63036688825402,
      3.6137183526194643,
      3.5988758856465686,
      3.631144884458593,
      3.644678084328135,
      3.6734481096074503,
      3.701389386189402,
      3.6761985927169,
      3.6879658544875658,
      3.6771238638730446,
      3.6659337362029776,
      3.6854246188999094,
      3.7109013872700594,
      3.727627639630578,
      3.663598055088805,
      3.643100670392972,
      3.663829398842486,
      3.6946058195619718,
      3.7331268528353165,
      3.6930163254551256,
      3.657433121991863,
      3.678391805446872,
      3.650647026390764,
      3.626938834834881,
      3.6648877553752897,
      3.6580142143900995,
      3.6152525240410376,
      3.631322282213695,
      3.6279606951360623,
      3.613428878479694,
      3.6256768866506692,
      3.6399635047519796,
      3.6499803253970327,
      3.604774130894262,
      3.6602027808600877,
      3.679266518620585,
      3.6166901849681237,
      3.640939889413255,
      3.6407945458231286,
      3.6131311819430016,
      3.6677547188904236,
      3.6594476077825733,
      3.6681668460874977,
      3.672019983671784,
      3.663211706766082,
      3.6638115928221224,
      3.670884860940067,
      3.7409968566940113,
      3.714887821001631,
      3.638399061633773,
      3.625255292195262,
      3.647637183706562,
      3.6107654665541156,
      3.6413762398175913,
      3.6315769719158273,
      3.6220727968063975,
      3.630171170671496,
      3.602597551630075,
      3.6515726642064745,
      3.6871200538645352,
      3.67220256781137,
      3.642620892971267,
      3.618581669426515,
      3.62576447577989,
      3.6545336804453132,
      3.6322000370772014,
      3.6298760495194813,
      3.624332254175237,
      3.597560386862552,
      3.6392194117308825,
      3.6569572821841687,
      3.625719280775445,
      3.608312187898605,
      3.6307585637624538,
      3.6590944204969094,
      3.6606509491167105,
      3.6622309361584398,
      3.651513654856612,
      3.651525599721806,
      3.646407377814748,
      3.6392238730962045,
      3.603320699736759,
      3.5927231773836548,
      3.6228337657465115,
      3.621584133154089,
      3.6513652581412774,
      3.681236964027764,
      3.670061799000083,
      3.6194462835184944,
      3.572902336884529,
      3.5636536850240987,
      3.583629197617295,
      3.6556931460714877,
      3.681966178416861,
      3.628390190568158,
      3.6661953170372663,
      3.695918837930678,
      3.7115604023734043,
      3.7207287597869754,
      3.6554921467546015,
      3.6538847757651114,
      3.658069017651761,
      3.6800717292347813,
      3.671806009770535,
      3.680739240887633,
      3.694344644840445,
      3.617858628895773,
      3.6041855235331983,
      3.640657182339735,
      3.6702927903826206,
      3.647087141720192,
      3.6175486020611434,
      3.622408413438968,
      3.6532756726723803,
      3.6728032359684413,
      3.651380483671968,
      3.6341301994923336,
      3.6403624339522493,
      3.624106759580038,
      3.6499800256626687,
      3.686027560075148,
      3.6699248825254416,
      3.6513454207248772,
      3.660104661413442,
      3.6687634620178655,
      3.6589071924103367,
      3.6226135757705133,
      3.6081814814177706,
      3.6169493747468056,
      3.6312026632147485,
      3.6616664391430387,
      3.6263864515803252,
      3.5570891525279293,
      2.82290453407545
    ],
    "bark_axis": [
      0.5,
      1.0,
      1.5,
      2.0,
      2.5,
      3.0,
      3.5,
      4.0,
      4.5,
      5.0,
      5.5,
      6.0,
      6.5,
      7.0,
      7.5,
      8.0,
      8.5,
      9.0,
      9.5,
      10.0,
      10.5,
      11.0,
      11.5,
      12.0,
      12.5,
      13.0,
      13.5,
      14.0,
      14.5,
      15.0,
      15.5,
      16.0,
      16.5,
      17.0,
      17.5,
      18.0,
      18.5,
      19.0,
      19.5,
      20.0,
      20.5,
      21.0,
      21.5,
      22.0,
      22.5,
      23.0,
      23.5,
      24.0,
      24.5,
      25.0,
      25.5,
      26.0,
      26.5
    ]
  },
  "arrays_2d": null,
  "function": "loudness_ecma",
  "metadata": {},
  "mosqito_version": "1.2.1",
  "numpy_version": "2.0.1",
  "python_version": "3.12.5",
  "scalars": {
    "N": 3.629762171122627,
    "N_time_max": 3.7409968566940113,
    "N_time_mean": 3.6084800269951094
  },
  "wav": "white_noise_442_1768_Hz_stationary.wav",
  "wav_calib": 0.01
}