{
  "arrays_1d": {
    "S": [
      1.7104963937202593,
      1.7282073758588394,
      1.7419468297476617,
      1.7364645084157888,
      1.7431221660869325,
      1.7530619269542957,
      1.7370361776447787,
      1.7391555858561618,
      1.7396220742373047,
      1.7262526453695943,
      1.736411388195743,
      1.7356082820671848,
      1.7405782218545547,
      1.721585992966919,
      1.7120395822421046,
      1.7368318997291046,
      1.749183040428222,
      1.7333113893373455,
      1.736080955915432,
      1.739511099164653,
      1.729444865773275,
      1.730634627978936,
      1.7358153980232265,
      1.7366678330637586,
      1.7376207061636753,
      1.7329288633608702,
      1.7433882397218106,
      1.7400077473091347,
      1.7370735671832662,
      1.737716089958169,
      1.7289443117619492,
      1.722143459868083,
      1.7230960335154049,
      1.7251871520529265,
      1.7307556877244803,
      1.7345058973822922,
      1.7216459157981232,
      1.7301612322955047,
      1.7378832517549334,
      1.7335973098186368,
      1.7442512929109728,
      1.748302119702903,
      1.7382972627893645,
      1.7290676779479892,
      1.7195454385046176,
      1.7202026632609644,
      1.7293870377080771,
      1.741426296075843,
      1.7388997914347724,
      1.741970980091637,
      1.738565723490054,
      1.7316768433741927,
      1.752386775107645,
      1.7523360818819333,
      1.7390245371103283,
      1.73105639586445,
      1.7373105990006787,
      1.7528591885944296,
      1.7482039305374273,
      1.7486311479261503,
      1.7468021185956235,
      1.725573740646339,
      1.7197865100396796,
      1.7318958913861888,
      1.7392657577701958,
      1.7457908512925757,
      1.7479101727240611,
      1.7269749530170961,
      1.7350098605410924
    ],
    "time_axis": [
      0.04265625,
      0.08532291666666666,
      0.12798958333333335,
      0.17065625,
      0.2133229166666667,
      0.2559895833333333,
      0.29865625000000007,
      0.3413229166666667,
      0.3839895833333334,
      0.42665625000000007,
      0.46932291666666676,
      0.5119895833333334,
      0.5546562500000001,
      0.5973229166666668,
      0.6399895833333334,
      0.6826562500000001,
      0.7253229166666667,
      0.7679895833333333,
      0.8106562500000001,
      0.8533229166666667,
      0.8959895833333335,
      0.9386562500000002,
      0.9813229166666668,
      1.0239895833333335,
      1.0666562500000003,
      1.1093229166666667,
      1.1519895833333336,
      1.1946562500000002,
      1.2373229166666668,
      1.2799895833333335,
      1.32265625,
      1.365322916666667,
      1.4079895833333336,
      1.4506562500000002,
      1.493322916666667,
      1.5359895833333337,
      1.5786562500000003,
      1.6213229166666667,
      1.6639895833333336,
      1.7066562500000002,
      1.7493229166666668,
      1.7919895833333337,
      1.83465625,
      1.877322916666667,
      1.9199895833333336,
      1.9626562500000002,
      2.005322916666667,
      2.0479895833333335,
      2.0906562500000003,
      2.1333229166666667,
      2.175989583333333,
      2.2186562500000004,
      2.261322916666667,
      2.3039895833333333,
      2.3466562500000006,
      2.389322916666667,
      2.4319895833333334,
      2.4746562500000002,
      2.517322916666667,
      2.5599895833333335,
      2.6026562500000003,
      2.645322916666667,
      2.6879895833333336,
      2.73065625,
      2.773322916666667,
      2.8159895833333337,
      2.85865625,
      2.901322916666667,
      2.943989583333334
    ]
  },
  "arrays_2d": null,
  "function": "sharpness_din_perseg",
  "metadata": {
    "nperseg": 4096
  },
  "mosqito_version": "1.2.1",
  "numpy_version": "2.0.1",
  "python_version": "3.12.5",
  "scalars": {
    "S_max": 1.7530619269542957,
    "S_mean": 1.7354802516757772
  },
  "wav": "white_noise_442_1768_Hz_stationary.wav",
  "wav_calib": 0.01
}