{
  "arrays_1d": {
    "N_specific_mean_per_band": [
      0.0,
      0.0,
      0.0,
      0.0,
      0.0,
      0.0,
      0.0,
      0.0,
      0.0020334281752270667,
      0.04365605530910477,
      0.12932689014302584,
      0.20907416810010038,
      0.24840978172089032,
      0.2649568479390536,
      0.2750904607884376,
      0.281404063175107,
      0.2792841650168777,
      0.27114771354246814,
      0.26150811110624517,
      0.2534044592014474,
      0.2521379959996712,
      0.2599554963636794,
      0.2751627893554516,
      0.29434994998598096,
      0.31461161728132053,
      0.334409180390129,
      0.35265701431111457,
      0.36947231146167825,
      0.38574240525461606,
      0.40179929032865924,
      0.41727792752583426,
      0.4317629166548855,
      0.44423246545303435,
      0.45215072094097897,
      0.4527725802522566,
      0.44249314841127413,
      0.4208575492417106,
      0.39190312660101007,
      0.3594237248738254,
      0.3276111979658256,
      0.299418830328154,
      0.2772869906419426,
      0.26263264378762374,
      0.2539720525426008,
      0.23756508273178764,
      0.1871447659649483,
      0.11043610292194715,
      0.04600685204876385,
      0.008826129381002456,
      0.0,
      0.0,
      0.0,
      0.0
    ],
    "N_time": [
      0.0,
      4.56762162038361,
      5.661246450772165,
      5.883718180703686,
      5.871058635274022,
      5.866891536378981,
      5.919575981501863,
      5.980210235809873,
      5.921745974860829,
      5.79007398751446,
      5.7890939941463655,
      5.739684572795079,
      5.772836144389543,
      5.837992259913092,
      5.763939295909366,
      5.814559589032364,
      5.86043054732187,
      5.852529819925645,
      5.881844156575588,
      5.867605894759205,
      5.834669907354133,
      5.785628778682305,
      5.799329878200386,
      5.92576481713024,
      5.907566653293727,
      5.824663779725073,
      5.697340511419164,
      5.665074883500078,
      5.771988841269972,
      5.851654361557279,
      5.96474032459257,
      5.9680378265639265,
      5.91077574915848,
      5.939697613039565,
      5.895987871992484,
      5.76691283370138,
      5.743077135704055,
      5.759696370210218,
      5.741947375612018,
      5.831752411936287,
      5.840187851788987,
      5.821483788927663,
      5.785356436179978,
      5.768321764723257,
      5.834008143451864,
      5.876579901072594,
      5.880671643774632,
      5.737302988588681,
      5.664785315963824,
      5.8558840297086885,
      5.902587725338269,
      5.85819177910053,
      5.871148820606324,
      5.904932618158585,
      6.005818888929825,
      5.926232155614916,
      5.742012864616344,
      5.762177093093067,
      5.763405990067477,
      5.770566359548207,
      5.834084482267839,
      5.8044675223552895,
      5.820159090875192,
      5.806187018811068,
      5.879846160859552,
      5.9192799106192195,
      5.842670719807218,
      5.818952279984409,
      5.783291897390544,
      5.834996702171564,
      5.9331604741000925,
      5.900491395633464,
      5.819528151043503,
      5.687702390258917,
      5.6528376609058,
      5.7812405428439355,
      5.883681164625909,
      5.9615744927097785,
      5.964719240888914,
      5.915236543716967,
      5.920830920081258,
      5.906393745803557,
      5.770818293016427,
      5.708538132791655,
      5.745442429569817,
      5.78312965138829,
      5.832156685376679,
      5.79270487130222,
      5.836085214144484,
      5.8270548105977,
      5.75695425330554,
      5.806886898912147,
      5.884354335053685,
      5.8739057203446166,
      5.746873454942054,
      5.665788811472415,
      5.849819320523167,
      5.892250108070141,
      5.855582083743956,
      5.9641364600412095,
      5.895127032808227,
      5.946058307165272,
      5.929380027488531,
      5.746482219377974,
      5.7388411522151035,
      5.756573323709891,
      5.774065658814504,
      5.854165335175338,
      5.832847631610631,
      5.821039815918363,
      5.787886196277292,
      5.877458244104937,
      5.9345332908592905,
      5.816743295723925,
      5.789167605112524,
      5.784537685718856,
      5.873064051176218,
      5.96981030084301,
      5.879982229712984,
      5.776651014522403,
      5.684897530737953,
      5.6629726094200645,
      5.760169299217242,
      5.892813482370682,
      5.984568708271846,
      5.944439610702157,
      5.934630010382508,
      5.907708618540855,
      5.883884639750121,
      5.7911642623549495,
      5.724861648422304,
      5.748189138118965,
      5.791270230436276,
      5.8214781661171715,
      5.772803233808434,
      5.828761675938988,
      5.850780492105447,
      5.764628074812312,
      5.7829678935965525,
      5.899134038600739,
      5.859060215257038,
      5.7439681416265325,
      5.666848007899867,
      5.852626811855703,
      5.918400832671283,
      5.831886161312434,
      5.969023716250345,
      5.894471736088982,
      5.922937764865932,
      5.93667597447348,
      5.756949664855267,
      5.730599749032114,
      5.765966442870701,
      5.816665988418171,
      5.817139601718786,
      5.811374258942264,
      5.854518459533349,
      5.7819090102793025,
      5.85269003759955,
      5.940269972828535,
      5.82084873291032,
      5.787778570987049,
      5.793971447626449,
      5.874869975836348,
      5.980992216526048,
      5.862703468850996,
      5.722004166956872,
      5.691325369725703,
      5.691685787472322,
      5.759052408350304,
      5.935090128359288,
      5.974991566606361,
      5.914181162746327,
      5.957370973869168,
      5.903938986179578,
      5.860008334056564,
      5.821334187038379,
      5.734807194539659,
      5.706423418715083,
      5.786863293603045,
      5.816932325570776,
      5.815898439534355,
      5.835673334906709,
      5.786717622997776,
      5.771920847349385,
      5.826992125962055,
      5.8949186762329,
      5.827322976856084,
      5.753150716083981,
      5.659407159200569,
      5.875285713345635,
      5.918938907328421,
      5.805351541468276,
      5.983651296705625,
      5.916035185464262,
      5.913324086406529,
      5.900505458337283,
      5.785336952841604,
      5.750028171861738,
      5.741465619188033,
      5.842200729368904,
      5.801388113586566,
      5.7834294458813575,
      5.879608966597638,
      5.793689236730314,
      5.836922491935274,
      5.931385309901028,
      5.8252707473317615,
      5.794564215712232,
      5.788727683138159,
      5.889796080812611,
      5.977016292106648,
      5.880733937811295,
      5.705179034572104,
      5.665597115178543,
      5.710203363105639,
      5.769152434856154,
      5.952863991696028,
      5.971011480821432,
      5.902813426453531,
      5.954884256202382,
      5.91200448502117,
      5.841468020208876,
      5.805943523137663,
      5.7674914613936075,
      5.69952196197171,
      5.775201660110753,
      5.836218671569097,
      5.832420947562478,
      5.830039039147655,
      5.777387283506806,
      5.782746272944218,
      5.840801782229696,
      5.90814686870961,
      5.795798020924934,
      5.324644821811652,
      4.07889782425073
    ],
    "bark_axis": [
      0.5,
      1.0,
      1.5,
      2.0,
      2.5,
      3.0,
      3.5,
      4.0,
      4.5,
      5.0,
      5.5,
      6.0,
      6.5,
      7.0,
      7.5,
      8.0,
      8.5,
      9.0,
      9.5,
      10.0,
      10.5,
      11.0,
      11.5,
      12.0,
      12.5,
      13.0,
      13.5,
      14.0,
      14.5,
      15.0,
      15.5,
      16.0,
      16.5,
      17.0,
      17.5,
      18.0,
      18.5,
      19.0,
      19.5,
      20.0,
      20.5,
      21.0,
      21.5,
      22.0,
      22.5,
      23.0,
      23.5,
      24.0,
      24.5,
      25.0,
      25.5,
      26.0,
      26.5
    ]
  },
  "arrays_2d": null,
  "function": "loudness_ecma",
  "metadata": {},
  "mosqito_version": "1.2.1",
  "numpy_version": "2.0.1",