{
  "arrays_1d": {
    "N": [
      5.852,
      5.896,
      5.904,
      5.857,
      5.777,
      5.746,
      5.774,
      5.837,
      5.848,
      5.745,
      5.784,
      5.756,
      5.712,
      5.891,
      5.965,
      5.903,
      5.824,
      5.715,
      5.791,
      5.792,
      5.793,
      5.816,
      5.704,
      5.747,
      5.916,
      5.992,
      5.87,
      5.725,
      5.782,
      5.815,
      5.817,
      5.832,
      5.743,
      5.812,
      5.862,
      5.671,
      5.776,
      5.974,
      5.954,
      5.861,
      5.74,
      5.763,
      5.843,
      5.786,
      5.817,
      5.783,
      5.733,
      5.85,
      5.896,
      5.924,
      5.847,
      5.752,
      5.802,
      5.759,
      5.841,
      5.832,
      5.765,
      5.817,
      5.762,
      5.676,
      5.895,
      6.021,
      5.924,
      5.8,
      5.745,
      5.763,
      5.807,
      5.78,
      5.793,
      5.693,
      5.767,
      5.997,
      5.994,
      5.835,
      5.748,
      5.754,
      5.81,
      5.846,
      5.797,
      5.736,
      5.846,
      5.849,
      5.677,
      5.844,
      5.953,
      5.898,
      5.88,
      5.725,
      5.749,
      5.839,
      5.79,
      5.833,
      5.775,
      5.766,
      5.848,
      5.866,
      5.903,
      5.817,
      5.796,
      5.801,
      5.738,
      5.839,
      5.785,
      5.792,
      5.829,
      5.74,
      5.677,
      5.912,
      5.999,
      5.887,
      5.78,
      5.773,
      5.787,
      5.773,
      5.812,
      5.771
    ],
    "bark_axis": [
      0.1,
      0.2,
      0.3,
      0.4,
      0.5,
      0.6,
      0.7,
      0.7999999999999999,
      0.8999999999999999,
      0.9999999999999999,
      1.0999999999999999,
      1.2,
      1.3,
      1.4,
      1.5,
      1.5999999999999999,
      1.7,
      1.8,
      1.9,
      2.0,
      2.0999999999999996,
      2.1999999999999997,
      2.3,
      2.4,
      2.5,
      2.6,
      2.6999999999999997,
      2.8,
      2.9,
      3.0,
      3.0999999999999996,
      3.1999999999999997,
      3.3,
      3.4,
      3.5,
      3.5999999999999996,
      3.6999999999999997,
      3.8,
      3.9,
      3.9999999999999996,
      4.1,
      4.199999999999999,
      4.299999999999999,
      4.3999999999999995,
      4.499999999999999,
      4.6,
      4.699999999999999,
      4.799999999999999,
      4.8999999999999995,
      4.999999999999999,
      5.1,
      5.199999999999999,
      5.299999999999999,
      5.3999999999999995,
      5.499999999999999,
      5.599999999999999,
      5.699999999999999,
      5.799999999999999,
      5.8999999999999995,
      5.999999999999999,
      6.099999999999999,
      6.199999999999999,
      6.299999999999999,
      6.3999999999999995,
      6.499999999999999,
      6.599999999999999,
      6.699999999999999,
      6.799999999999999,
      6.8999999999999995,
      6.999999999999999,
      7.099999999999999,
      7.199999999999999,
      7.299999999999999,
      7.3999999999999995,
      7.499999999999999,
      7.599999999999999,
      7.699999999999999,
      7.799999999999999,
      7.899999999999999,
      7.999999999999999,
      8.1,
      8.2,
      8.299999999999999,
      8.399999999999999,
      8.499999999999998,
      8.6,
      8.7,
      8.799999999999999,
      8.899999999999999,
      8.999999999999998,
      9.1,
      9.2,
      9.299999999999999,
      9.399999999999999,
      9.499999999999998,
      9.6,
      9.7,
      9.799999999999999,
      9.899999999999999,
      9.999999999999998,
      10.1,
      10.2,
      10.299999999999999,
      10.399999999999999,
      10.499999999999998,
      10.6,
      10.7,
      10.799999999999999,
      10.899999999999999,
      10.999999999999998,
      11.099999999999998,
      11.2,
      11.299999999999999,
      11.399999999999999,
      11.499999999999998,
      11.599999999999998,
      11.7,
      11.799999999999999,
      11.899999999999999,
      11.999999999999998,
      12.099999999999998,
      12.2,
      12.299999999999999,
      12.399999999999999,
      12.499999999999998,
      12.599999999999998,
      12.7,
      12.799999999999999,
      12.899999999999999,
      12.999999999999998,
      13.099999999999998,
      13.2,
      13.299999999999999,
      13.399999999999999,
      13.499999999999998,
      13.599999999999998,
      13.7,
      13.799999999999999,
      13.899999999999999,
      13.999999999999998,
      14.099999999999998,
      14.2,
      14.299999999999999,
      14.399999999999999,
      14.499999999999998,
      14.599999999999998,
      14.7,
      14.799999999999999,
      14.899999999999999,
      14.999999999999998,
      15.099999999999998,
      15.199999999999998,
      15.299999999999999,
      15.399999999999999,
      15.499999999999998,
      15.599999999999998,
      15.699999999999998,
      15.799999999999999,
      15.899999999999999,
      15.999999999999998,
      16.099999999999998,
      16.2,
      16.3,
      16.4,
      16.5,
      16.6,
      16.7,
      16.8,
      16.9,
      17.0,
      17.1,
      17.2,
      17.3,
      17.4,
      17.5,
      17.6,
      17.7,
      17.8,
      17.9,
      18.0,
      18.1,
      18.2,
      18.3,
      18.4,
      18.5,
      18.6,
      18.7,
      18.8,
      18.9,
      19.0,
      19.1,
      19.2,
      19.3,
      19.4,
      19.5,
      19.6,
      19.7,
      19.8,
      19.9,
      20.0,
      20.1,
      20.2,
      20.3,
      20.4,
      20.5,
      20.6,
      20.7,
      20.8,
      20.9,
      21.0,
      21.1,
      21.2,
      21.3,
      21.4,
      21.5,
      21.599999999999998,
      21.7,
      21.8,
      21.9,
      22.0,
      22.099999999999998,
      22.2,
      22.3,
      22.4,
      22.5,
      22.599999999999998,
      22.7,
      22.8,
      22.9,
      23.0,
      23.099999999999998,
      23.2,
      23.3,
      23.4,
      23.5,
      23.599999999999998,
      23.7,
      23.8,
      23.9,
      24.0
    ],