{
  "arrays_1d": {
    "N": [
      3.674,
      3.694,
      3.688,
      3.663,
      3.646,
      3.669,
      3.71,
      3.718,
      3.736,
      3.709,
      3.672,
      3.689,
      3.711,
      3.701,
      3.664,
      3.66,
      3.656,
      3.667,
      3.688,
      3.654,
      3.684,
      3.694,
      3.683,
      3.702,
      3.696,
      3.665,
      3.669,
      3.682,
      3.67,
      3.674,
      3.651,
      3.647,
      3.677,
      3.685,
      3.66,
      3.656,
      3.715,
      3.736,
      3.725,
      3.671,
      3.64,
      3.678,
      3.698,
      3.651,
      3.681,
      3.676,
      3.671,
      3.665,
      3.662,
      3.67,
      3.674,
      3.695,
      3.695,
      3.725,
      3.708,
      3.663,
      3.653,
      3.677,
      3.666,
      3.672,
      3.685,
      3.68,
      3.682,
      3.707,
      3.674,
      3.644,
      3.68,
      3.727,
      3.736,
      3.691,
      3.689,
      3.683,
      3.675,
      3.694,
      3.641,
      3.67,
      3.665,
      3.678,
      3.686,
      3.666,
      3.676,
      3.699,
      3.714,
      3.707,
      3.696,
      3.678,
      3.655,
      3.689,
      3.684,
      3.632,
      3.666,
      3.683
    ],
    "bark_axis": [
      0.1,
      0.2,
      0.3,
      0.4,
      0.5,
      0.6,
      0.7,
      0.7999999999999999,
      0.8999999999999999,
      0.9999999999999999,
      1.0999999999999999,
      1.2,
      1.3,
      1.4,
      1.5,
      1.5999999999999999,
      1.7,
      1.8,
      1.9,
      2.0,
      2.0999999999999996,
      2.1999999999999997,
      2.3,
      2.4,
      2.5,
      2.6,
      2.6999999999999997,
      2.8,
      2.9,
      3.0,
      3.0999999999999996,
      3.1999999999999997,
      3.3,
      3.4,
      3.5,
      3.5999999999999996,
      3.6999999999999997,
      3.8,
      3.9,
      3.9999999999999996,
      4.1,
      4.199999999999999,
      4.299999999999999,
      4.3999999999999995,
      4.499999999999999,
      4.6,
      4.699999999999999,
      4.799999999999999,
      4.8999999999999995,
      4.999999999999999,
      5.1,
      5.199999999999999,
      5.299999999999999,
      5.3999999999999995,
      5.499999999999999,
      5.599999999999999,
      5.699999999999999,
      5.799999999999999,
      5.8999999999999995,
      5.999999999999999,
      6.099999999999999,
      6.199999999999999,
      6.299999999999999,
      6.3999999999999995,
      6.499999999999999,
      6.599999999999999,
      6.699999999999999,
      6.799999999999999,
      6.8999999999999995,
      6.999999999999999,
      7.099999999999999,
      7.199999999999999,
      7.299999999999999,
      7.3999999999999995,
      7.499999999999999,
      7.599999999999999,
      7.699999999999999,
      7.799999999999999,
      7.899999999999999,
      7.999999999999999,
      8.1,
      8.2,
      8.299999999999999,
      8.399999999999999,
      8.499999999999998,
      8.6,
      8.7,
      8.799999999999999,
      8.899999999999999,
      8.999999999999998,
      9.1,
      9.2,
      9.299999999999999,
      9.399999999999999,
      9.499999999999998,
      9.6,
      9.7,
      9.799999999999999,
      9.899999999999999,
      9.999999999999998,
      10.1,
      10.2,
      10.299999999999999,
      10.399999999999999,
      10.499999999999998,
      10.6,
      10.7,
      10.799999999999999,
      10.899999999999999,
      10.999999999999998,
      11.099999999999998,
      11.2,
      11.299999999999999,
      11.399999999999999,
      11.499999999999998,
      11.599999999999998,
      11.7,
      11.799999999999999,
      11.899999999999999,
      11.999999999999998,
      12.099999999999998,
      12.2,
      12.299999999999999,
      12.399999999999999,
      12.499999999999998,
      12.599999999999998,
      12.7,
      12.799999999999999,
      12.899999999999999,
      12.999999999999998,
      13.099999999999998,
      13.2,
      13.299999999999999,
      13.399999999999999,
      13.499999999999998,
      13.599999999999998,
      13.7,
      13.799999999999999,
      13.899999999999999,
      13.999999999999998,
      14.099999999999998,
      14.2,
      14.299999999999999,
      14.399999999999999,
      14.499999999999998,
      14.599999999999998,
      14.7,
      14.799999999999999,
      14.899999999999999,
      14.999999999999998,
      15.099999999999998,
      15.199999999999998,
      15.299999999999999,
      15.399999999999999,
      15.499999999999998,
      15.599999999999998,
      15.699999999999998,
      15.799999999999999,
      15.899999999999999,
      15.999999999999998,
      16.099999999999998,
      16.2,
      16.3,
      16.4,
      16.5,
      16.6,
      16.7,
      16.8,
      16.9,
      17.0,
      17.1,
      17.2,
      17.3,
      17.4,
      17.5,
      17.6,
      17.7,
      17.8,
      17.9,
      18.0,
      18.1,
      18.2,
      18.3,
      18.4,
      18.5,
      18.6,
      18.7,
      18.8,
      18.9,
      19.0,
      19.1,
      19.2,
      19.3,
      19.4,
      19.5,
      19.6,
      19.7,
      19.8,
      19.9,
      20.0,
      20.1,
      20.2,
      20.3,
      20.4,
      20.5,
      20.6,
      20.7,
      20.8,
      20.9,
      21.0,
      21.1,
      21.2,
      21.3,
      21.4,
      21.5,
      21.599999999999998,
      21.7,
      21.8,
      21.9,
      22.0,
      22.099999999999998,
      22.2,
      22.3,
      22.4,
      22.5,
      22.599999999999998,
      22.7,
      22.8,
      22.9,
      23.0,
      23.099999999999998,
      23.2,
      23.3,
      23.4,
      23.5,
      23.599999999999998,
      23.7,
      23.8,
      23.9,
      24.0
    ],