{
  "arrays_1d": {
    "N_specific_mean_per_band": [
      0.0,
      0.0,
      0.13633508683504558,
      0.2687164210845362,
      0.31817280489218286,
      0.2577120195037498,
      0.16957833161502953,
      0.09374890274311715,
      0.05204683420270417,
      0.042478823817875266,
      0.054234919611259536,
      0.07871184405688217,
      0.0828192013965619,
      0.07497609737717408,
      0.07617257554068686,
      0.07989650579695763,
      0.07978104219037795,
      0.07580416890274243,
      0.07169475199962669,
      0.06891818312972826,
      0.07323409361832293,
      0.1126319775417681,
      0.20293860629402802,
      0.33383146461932295,
      0.4753380665008836,
      0.5103648152726318,
      0.42458062527812207,
      0.3096997196780709,
      0.2280484649651594,
      0.18491139400030837,
      0.1763137297178599,
      0.18690345620252916,
      0.20613141891376116,
      0.21624297706017603,
      0.21213016606259955,
      0.19365347535635605,
      0.17227947690383033,
      0.1532679473836883,
      0.13574668357341574,
      0.11415130226981116,
      0.09218801178101041,
      0.07597454171898359,
      0.06648018861997797,
      0.06178655998149699,
      0.060244536033776136,
      0.06089505036667142,
      0.06135386991231404,
      0.05917737541016725,
      0.05334259467769789,
      0.04265840015703097,
      0.026557581316497346,
      0.005198080897026148,
      0.0
    ],
    "N_time": [
      0.0,
      2.7677026105775617,
      3.590611101244957,
      3.745752041294577,
      3.755834855029399,
      3.729800629429844,
      3.7725044868006123,
      3.7464707012420835,
      3.7087392688240937,
      3.734977539685515,
      3.651815815490018,
      3.645236051931821,
      3.709790792311392,
      3.740358523342675,
      3.742655389518164,
      3.7344750663142694,
      3.730245860970685,
      3.711547294504875,
      3.7535424545397977,
      3.779253814621222,
      3.784791637317038,
      3.7713339062774116,
      3.7297999877062473,
      3.7027828669718192,
      3.7410331199003495,
      3.7575749480153178,
      3.700286959502701,
      3.725402958135462,
      3.7578820230966934,
      3.7361615826367816,
      3.7293557636697265,
      3.696837485686381,
      3.7080249806065644,
      3.7210813093627477,
      3.749294731647783,
      3.735633779070452,
      3.6552445347360534,
      3.6784637149089976,
      3.7086053009517603,
      3.7202422753227564,
      3.722432373922523,
      3.7053782802818724,
      3.7271913622182553,
      3.806270133849041,
      3.791394635637821,
      3.682563700015364,
      3.674016622972065,
      3.695222984274128,
      3.6835464544377907,
      3.674724629890995,
      3.6776652157039824,
      3.7016656404846273,
      3.709405982647452,
      3.66806233897771,
      3.7123436709286843,
      3.738113188021927,
      3.7218250239820105,
      3.708693049079845,
      3.6937959306457695,
      3.7150075648600644,
      3.7338154349677466,
      3.7125949264828617,
      3.7118225189754974,
      3.7283445964884865,
      3.7236136514410836,
      3.731473739928774,
      3.701919943978795,
      3.7124733034803423,
      3.7323545256654214,
      3.7415487124351587,
      3.748868595933789,
      3.715591382417204,
      3.685756798375757,
      3.6905475371652803,
      3.7321417847410703,
      3.764013357620751,
      3.7777256867115456,
      3.7588457679306924,
      3.7300681239218934,
      3.721576105202552,
      3.6941259478875637,
      3.683859532477765,
      3.6838237426222817,
      3.6717426751384292,
      3.674584084098131,
      3.6861796866703505,
      3.7288996212043886,
      3.7512774330438825,
      3.7392720708345806,
      3.7658323544109695,
      3.7370324579576653,
      3.705329028969273,
      3.747759075935548,
      3.7298438477805536,
      3.7198833919696743,
      3.729092430510657,
      3.7176991590972395,
      3.676655340434662,
      3.6379962629379943,
      3.631096972297504,
      3.6867584926929116,
      3.7044275001431677,
      3.72090415334045,
      3.751231950473577,
      3.6951538059113145,
      3.6983682461575396,
      3.7351030383381323,
      3.7210064910668796,
      3.733846510683886,
      3.7447768152015968,
      3.7826772342276382,
      3.7746542451669445,
      3.6921222068040818,
      3.670539308709651,
      3.69110837207911,
      3.709804378245298,
      3.6636916161023754,
      3.6647436938290525,
      3.7214486445098185,
      3.7231668168178222,
      3.6958104432199193,
      3.7145900056938705,
      3.7494512204081287,
      3.7764672746144696,
      3.7580941953063265,
      3.718827965936442,
      3.7806769344020092,
      3.7912664821775794,
      3.721668799498377,
      3.739411231973367,
      3.7471347778450808,
      3.7255627299028276,
      3.664689843696577,
      3.69886488762077,
      3.7177683550726175,
      3.6521483432557473,
      3.718484151066885,
      3.7537135877854118,
      3.769112067161772,
      3.7686448054161112,
      3.725783018671364,
      3.691621277100528,
      3.673243551894316,
      3.702140487240216,
      3.7391050077887265,
      3.734486917251082,
      3.7010850500440275,
      3.65272669525243,
      3.721581525210491,
      3.765732191717562,
      3.7276319876024178,
      3.670036357681698,
      3.6523505270503835,
      3.774740483488507,
      3.7832536687552296,
      3.6746718174508013,
      3.656514482818301,
      3.6913243747131697,
      3.705690861979684,
      3.6860191063263232,
      3.701284490384202,
      3.7300991467741382,
      3.7054792977286035,
      3.749289080067062,
      3.705505691950606,
      3.6771274506754783,
      3.7117669437917415,
      3.70626756281544,
      3.7569811964706883,
      3.7132655191142807,
      3.7381673300847065,
      3.7979092013180993,
      3.7313163681959307,
      3.6854295167095845,
      3.684498186176918,
      3.670967766737727,
      3.6741135095843807,
      3.6985316258130267,
      3.7299423240793623,
      3.714869305791314,
      3.6652017086586612,
      3.6783347660019285,
      3.711195467244032,
      3.7611911288884787,
      3.770524392555644,
      3.6939125445156975,
      3.687390541605269,
      3.7088052473705138,
      3.46331781461113,
      2.5173461497658973
    ],
    "bark_axis": [
      0.5,
      1.0,
      1.5,
      2.0,
      2.5,
      3.0,
      3.5,
      4.0,
      4.5,
      5.0,
      5.5,
      6.0,
      6.5,
      7.0,
      7.5,
      8.0,
      8.5,
      9.0,
      9.5,
      10.0,
      10.5,
      11.0,
      11.5,
      12.0,
      12.5,
      13.0,
      13.5,
      14.0,
      14.5,
      15.0,
      15.5,
      16.0,
      16.5,
      17.0,
      17.5,
      18.0,
      18.5,
      19.0,
      19.5,
      20.0,
      20.5,
      21.0,
      21.5,
      22.0,
      22.5,
      23.0,
      23.5,
      24.0,
      24.5,
      25.0,
      25.5,
      26.0,
      26.5
    ]
  },
  "arrays_2d": null,
  "function": "loudness_ecma",
  "metadata": {},
  "mosqito_version": "1.2.1",
  "numpy_version": "2.0.1",
  "python_version": "3.12.5",
  "scalars": {
    "N": 3.7024901119219398,
    "N_time_max": 3.806270133849041,
    "N_time_mean": 3.6850275833907666
  },
  "wav": "white_noise_200_2000_Hz_stationary.wav",
  "wav_calib": 0.01
}