{
  "arrays_1d": {
    "S": [
      1.6433941556217146,
      1.6467126598987039,
      1.653027886427893,
      1.6411020540327732,
      1.6442010925534476,
      1.658867127948122,
      1.6576655148528618,
      1.6355411046772093,
      1.6280293504148864,
      1.6517211141479322,
      1.6697233119460326,
      1.6650622466001004,
      1.6464240460704547,
      1.642451157017015,
      1.6519682823746833,
      1.6566675726382254,
      1.6615668965205108,
      1.6531657018183832,
      1.6604680112910613,
      1.6574038136179703,
      1.6515703244852875,
      1.6457396401920983,
      1.642178720553665,
      1.643001145967682,
      1.644512078761934,
      1.6557725670448493,
      1.6540943931760228,
      1.643657681618213,
      1.6357143656601874,
      1.6521860461179347,
      1.6517468630956926,
      1.6351165512843584,
      1.6383336086589033,
      1.646871895654692,
      1.6513051393359364,
      1.650668722910281,
      1.6453093001402677,
      1.6442489614029216,
      1.6425309963765449,
      1.6428029946455798,
      1.6652779515086964,
      1.6667941160783735,
      1.6479920960714605,
      1.650193327885657,
      1.6491676257519208,
      1.6436380136295867,
      1.6477794295947896,
      1.660186277397158,
      1.6557731831494114,
      1.654014826372117,
      1.6475123757929517,
      1.6604834773274533,
      1.6575061004039695,
      1.6448677114254995,
      1.6566812536852507,
      1.6622916516832071,
      1.6628414568004113,
      1.6480465386647547,
      1.6432002540025976,
      1.651623301418667,
      1.6539370483726272,
      1.6421142169303258,
      1.630500451797462,
      1.6437812701455137,
      1.656082537969066,
      1.652545079470795,
      1.6489928022783356,
      1.660652641814003,
      1.6437165739652404,
      1.63870992562266,
      1.664110748756615,
      1.6438639067257685,
      1.6393174455960233,
      1.6566479627608452,
      1.656648206546553,
      1.6487789317902102,
      1.6537005865580912,
      1.651520864029259,
      1.6539460894003566,
      1.6736372436625426,
      1.6732916057509248,
      1.647568100882658,
      1.6416356840744182,
      1.6334680113189868,
      1.6271832031583242,
      1.6587939761580222,
      1.6649124579028498,
      1.6423864274133868,
      1.64359627656655,
      1.6451732204861065,
      1.6481814359934461,
      1.6611503820562659
    ],
    "time_axis": [
      0.04265625,
      0.08532291666666666,
      0.12798958333333335,
      0.17065625,
      0.2133229166666667,
      0.2559895833333333,
      0.29865625000000007,
      0.3413229166666667,
      0.3839895833333334,
      0.42665625000000007,
      0.46932291666666676,
      0.5119895833333334,
      0.5546562500000001,
      0.5973229166666668,
      0.6399895833333334,
      0.6826562500000001,
      0.7253229166666667,
      0.7679895833333333,
      0.8106562500000001,
      0.8533229166666667,
      0.8959895833333335,
      0.9386562500000002,
      0.9813229166666668,
      1.0239895833333335,
      1.0666562500000003,
      1.1093229166666667,
      1.1519895833333336,
      1.1946562500000002,
      1.2373229166666668,
      1.2799895833333335,
      1.32265625,
      1.365322916666667,
      1.4079895833333336,
      1.4506562500000002,
      1.493322916666667,
      1.5359895833333337,
      1.5786562500000003,
      1.6213229166666667,
      1.6639895833333336,
      1.7066562500000002,
      1.7493229166666668,
      1.7919895833333337,
      1.83465625,
      1.877322916666667,
      1.9199895833333336,
      1.9626562500000002,
      2.005322916666667,
      2.0479895833333335,
      2.0906562500000003,
      2.1333229166666667,
      2.175989583333333,
      2.2186562500000004,
      2.261322916666667,
      2.3039895833333333,
      2.3466562500000006,
      2.389322916666667,
      2.4319895833333334,
      2.4746562500000002,
      2.517322916666667,
      2.5599895833333335,
      2.6026562500000003,
      2.645322916666667,
      2.6879895833333336,
      2.73065625,
      2.773322916666667,
      2.8159895833333337,
      2.85865625,
      2.901322916666667,
      2.943989583333334,
      2.9866562500000007,
      3.029322916666667,
      3.071989583333334,
      3.1146562500000003,
      3.1573229166666668,
      3.199989583333334,
      3.2426562500000005,
      3.285322916666667,
      3.3279895833333337,
      3.3706562500000006,
      3.413322916666667,
      3.455989583333334,
      3.4986562500000007,
      3.541322916666667,
      3.583989583333334,
      3.626656250000001,
      3.669322916666667,
      3.7119895833333336,
      3.754656250000001,
      3.7973229166666673,
      3.8399895833333337,
      3.8826562500000006,
      3.9253229166666674
    ]
  },
  "arrays_2d": null,
  "function": "sharpness_din_perseg",
  "metadata": {
    "nperseg": 4096
  },
  "mosqito_version": "1.2.1",
  "numpy_version": "2.0.1",
  "python_version": "3.12.5",
  "scalars": {
    "S_max": 1.6736372436625426,
    "S_mean": 1.6502058845885996
  },
  "wav": "white_noise_200_2000_Hz_stationary.wav",
  "wav_calib": 0.01
}