{
  "arrays_1d": {
    "N": [
      2.251,
      2.263,
      2.267,
      2.245,
      2.279,
      2.291,
      2.263,
      2.246,
      2.245,
      2.269,
      2.245,
      2.21,
      2.22,
      2.249,
      2.224,
      2.228,
      2.242,
      2.235,
      2.273,
      2.29,
      2.273,
      2.254,
      3.195,
      3.688,
      3.816,
      3.817,
      3.811,
      3.832,
      3.845,
      3.835,
      3.818,
      3.823,
      3.838,
      3.854,
      3.824,
      3.823,
      3.833,
      3.825,
      3.847,
      3.83,
      3.806,
      3.823,
      3.845,
      3.854,
      3.836,
      3.822,
      3.495,
      2.264,
      2.243,
      2.273,
      2.271,
      2.244,
      2.258,
      2.262,
      2.254,
      2.271,
      2.271,
      2.258,
      2.211,
      2.245,
      2.278,
      2.266,
      2.251,
      2.263,
      2.259,
      2.263,
      2.275,
      2.247,
      2.246
    ],
    "bark_axis": [
      0.1,
      0.2,
      0.3,
      0.4,
      0.5,
      0.6,
      0.7,
      0.7999999999999999,
      0.8999999999999999,
      0.9999999999999999,
      1.0999999999999999,
      1.2,
      1.3,
      1.4,
      1.5,
      1.5999999999999999,
      1.7,
      1.8,
      1.9,
      2.0,
      2.0999999999999996,
      2.1999999999999997,
      2.3,
      2.4,
      2.5,
      2.6,
      2.6999999999999997,
      2.8,
      2.9,
      3.0,
      3.0999999999999996,
      3.1999999999999997,
      3.3,
      3.4,
      3.5,
      3.5999999999999996,
      3.6999999999999997,
      3.8,
      3.9,
      3.9999999999999996,
      4.1,
      4.199999999999999,
      4.299999999999999,
      4.3999999999999995,
      4.499999999999999,
      4.6,
      4.699999999999999,
      4.799999999999999,
      4.8999999999999995,
      4.999999999999999,
      5.1,
      5.199999999999999,
      5.299999999999999,
      5.3999999999999995,
      5.499999999999999,
      5.599999999999999,
      5.699999999999999,
      5.799999999999999,
      5.8999999999999995,
      5.999999999999999,
      6.099999999999999,
      6.199999999999999,
      6.299999999999999,
      6.3999999999999995,
      6.499999999999999,
      6.599999999999999,
      6.699999999999999,
      6.799999999999999,
      6.8999999999999995,
      6.999999999999999,
      7.099999999999999,
      7.199999999999999,
      7.299999999999999,
      7.3999999999999995,
      7.499999999999999,
      7.599999999999999,
      7.699999999999999,
      7.799999999999999,
      7.899999999999999,
      7.999999999999999,
      8.1,
      8.2,
      8.299999999999999,
      8.399999999999999,
      8.499999999999998,
      8.6,
      8.7,
      8.799999999999999,
      8.899999999999999,
      8.999999999999998,
      9.1,
      9.2,
      9.299999999999999,
      9.399999999999999,
      9.499999999999998,
      9.6,
      9.7,
      9.799999999999999,
      9.899999999999999,
      9.999999999999998,
      10.1,
      10.2,
      10.299999999999999,
      10.399999999999999,
      10.499999999999998,
      10.6,
      10.7,
      10.799999999999999,
      10.899999999999999,
      10.999999999999998,
      11.099999999999998,
      11.2,
      11.299999999999999,
      11.399999999999999,
      11.499999999999998,
      11.599999999999998,
      11.7,
      11.799999999999999,
      11.899999999999999,
      11.999999999999998,
      12.099999999999998,
      12.2,
      12.299999999999999,
      12.399999999999999,
      12.499999999999998,
      12.599999999999998,
      12.7,
      12.799999999999999,
      12.899999999999999,
      12.999999999999998,
      13.099999999999998,
      13.2,
      13.299999999999999,
      13.399999999999999,
      13.499999999999998,
      13.599999999999998,
      13.7,
      13.799999999999999,
      13.899999999999999,
      13.999999999999998,
      14.099999999999998,
      14.2,
      14.299999999999999,
      14.399999999999999,
      14.499999999999998,
      14.599999999999998,
      14.7,
      14.799999999999999,
      14.899999999999999,
      14.999999999999998,
      15.099999999999998,
      15.199999999999998,
      15.299999999999999,
      15.399999999999999,
      15.499999999999998,
      15.599999999999998,
      15.699999999999998,
      15.799999999999999,
      15.899999999999999,
      15.999999999999998,
      16.099999999999998,
      16.2,
      16.3,
      16.4,
      16.5,
      16.6,
      16.7,
      16.8,
      16.9,
      17.0,
      17.1,
      17.2,
      17.3,
      17.4,
      17.5,
      17.6,
      17.7,
      17.8,
      17.9,
      18.0,
      18.1,
      18.2,
      18.3,
      18.4,
      18.5,
      18.6,
      18.7,
      18.8,
      18.9,
      19.0,
      19.1,
      19.2,
      19.3,
      19.4,
      19.5,
      19.6,
      19.7,
      19.8,
      19.9,
      20.0,
      20.1,
      20.2,
      20.3,
      20.4,
      20.5,
      20.6,
      20.7,
      20.8,
      20.9,
      21.0,
      21.1,
      21.2,
      21.3,
      21.4,
      21.5,
      21.599999999999998,
      21.7,
      21.8,
      21.9,
      22.0,
      22.099999999999998,
      22.2,
      22.3,
      22.4,
      22.5,
      22.599999999999998,
      22.7,
      22.8,
      22.9,
      23.0,
      23.099999999999998,
      23.2,
      23.3,
      23.4,
      23.5,
      23.599999999999998,
      23.7,
      23.8,
      23.9,
      24.0
    ],
    "time_axis": [
      0.04265625,
      0.08532291666666666,
      0.12798958333333335,
      0.17065625,
      0.2133229166666667,
      0.2559895833333333,
      0.29865625000000007,
      0.3413229166666667,
      0.3839895833333334,
      0.42665625000000007,
      0.46932291666666676,
      0.5119895833333334,
      0.5546562500000001,
      0.5973229166666668,
      0.6399895833333334,
      0.6826562500000001,
      0.7253229166666667,
      0.7679895833333333,
      0.8106562500000001,
      0.8533229166666667,
      0.8959895833333335,
      0.9386562500000002,
      0.9813229166666668,
      1.0239895833333335,
      1.0666562500000003,
      1.1093229166666667,
      1.1519895833333336,
      1.1946562500000002,
      1.2373229166666668,
      1.2799895833333335,
      1.32265625,
      1.365322916666667,
      1.4079895833333336,
      1.4506562500000002,
      1.493322916666667,
      1.5359895833333337,
      1.5786562500000003,
      1.6213229166666667,
      1.6639895833333336,
      1.7066562500000002,
      1.7493229166666668,
      1.7919895833333337,
      1.83465625,
      1.877322916666667,
      1.9199895833333336,
      1.9626562500000002,
      2.005322916666667,
      2.0479895833333335,
      2.0906562500000003,
      2.1333229166666667,
      2.175989583333333,
      2.2186562500000004,
      2.261322916666667,
      2.3039895833333333,
      2.3466562500000006,
      2.389322916666667,
      2.4319895833333334,
      2.4746562500000002,
      2.517322916666667,
      2.5599895833333335,
      2.6026562500000003,
      2.645322916666667,
      2.6879895833333336,
      2.73065625,
      2.773322916666667,
      2.8159895833333337,
      2.85865625,
      2.901322916666667,
      2.943989583333334
    ]
  },
  "arrays_2d": null,
  "function": "loudness_zwst_perseg",
  "metadata": {
    "nperseg": 4096,
    "nseg": 69
  },
  "mosqito_version": "1.2.1",
  "numpy_version": "2.0.1",
  "python_version": "3.12.5",
  "scalars": {
    "N_max": 3.854,
    "N_mean": 2.8097101449275366
  },
  "wav": "white_noise_442_1768_Hz_varying.wav",
  "wav_calib": 0.01
}