{
  "arrays_1d": {
    "N_specific_mean_per_band": [
      0.0,
      0.0,
      0.0,
      0.0,
      3.1981931640920034e-05,
      0.02527349223015373,
      0.10970382498299726,
      0.22760520465398643,
      0.34360680911550395,
      0.3791832568129036,
      0.3065850368565252,
      0.21266478195057914,
      0.13701623568550822,
      0.0981672960776864,
      0.08818909911565409,
      0.0870388036743862,
      0.08553732480409139,
      0.08041081903997407,
      0.07375889041860711,
      0.07140915481834381,
      0.08837778729437094,
      0.13053177244829164,
      0.18424068648866895,
      0.22566570872558966,
      0.2244841461815697,
      0.19644224134086818,
      0.1723365497846839,
      0.15924830639292623,
      0.15844248904456779,
      0.16521532990561733,
      0.17353365952346556,
      0.18187286395774344,
      0.19056852587957446,
      0.19429005987984907,
      0.19391090410498693,
      0.18700664664583325,
      0.1734797668908846,
      0.1542435664289078,
      0.13248808437933382,
      0.111611891885774,
      0.09368875060437822,
      0.07953581234260478,
      0.06988112053265987,
      0.06542820584800153,
      0.06480339855578712,
      0.06562367620491533,
      0.06528444813467493,
      0.06282771484104216,
      0.05731076555266464,
      0.046876035683430246,
      0.030347682203797702,
      0.008504589249655269,
      0.0
    ],
    "N_time": [
      0.0,
      2.1241698404240474,
      2.8562137734915187,
      3.0036349066149537,
      2.9649427678667073,
      2.935818272207794,
      2.9708228984765266,
      2.949939448624279,
      2.973204170552819,
      2.9438997101691333,
      2.931352606362215,
      3.021844801822195,
      3.0138849481219605,
      2.9755446259536864,
      2.9866049128455296,
      2.9708678590017685,
      2.9774739195864335,
      2.9884451909197005,
      2.9161655979428227,
      2.902005372753679,
      3.003298424269027,
      3.0172423161554605,
      3.016152834921034,
      3.005808502393736,
      2.920268261248706,
      2.8989456878367967,
      2.9125242203041397,
      2.887353162512352,
      2.9464003874060687,
      2.997112132043989,
      2.9594826394210845,
      2.9189642793000465,
      2.910901546312907,
      2.980239140857019,
      2.9976711660417386,
      2.9695163577622488,
      2.928650592010446,
      2.9558124841052273,
      2.986311210501935,
      2.9662617796073394,
      2.953233460340182,
      2.998184404535615,
      3.0304827423211713,
      2.980652204254779,
      2.9736332303653814,
      2.9417811947575476,
      2.9408819222373954,
      3.023176387098301,
      3.7499103730989436,
      3.9217323710720895,
      3.793193767581452,
      3.7592777970347275,
      3.779434828416371,
      3.7834345325417824,
      3.777806680332304,
      3.768914231136375,
      3.747267296227427,
      3.7685662410790006,
      3.8270145884224935,
      3.860905731142785,
      3.8376731020688015,
      3.7743115434999366,
      3.7765383670852914,
      3.775103926432208,
      3.771414325318095,
      3.7904313913536356,
      3.782383345804372,
      3.78650461632689,
      3.8324480036379853,
      3.869731805839552,
      3.8361361052571774,
      3.780130715391914,
      3.8071152860097444,
      3.840162378527306,
      3.8009099024739683,
      3.791232523447963,
      3.8266891346090643,
      3.8300840942506262,
      3.7852394454640987,
      3.802508676928682,
      3.8262831039192777,
      3.83928953783359,
      3.805231268700824,
      3.8173133446321557,
      3.810628201139116,
      3.7864738194517367,
      3.8683903321978925,
      3.850904204839324,
      3.8190247546506804,
      3.848633807974107,
      3.8337477510335085,
      3.8279885090507455,
      3.815537468369543,
      3.795863062175267,
      3.8172198078237884,
      3.7487353760579256,
      3.2634770837198332,
      2.888615671308221,
      2.9125526734273604,
      2.928747226045573,
      2.9543594091221204,
      3.0061941066562574,
      3.014302767295611,
      2.9540842818556765,
      2.947418345474298,
      2.972700237666022,
      2.9544796095817856,
      2.985303995662351,
      2.9818971822997775,
      2.9462216921963105,
      2.9566184510799998,
      2.995811558360565,
      2.997517621491638,
      3.028016988425977,
      3.0047779567063984,
      2.981349806511468,
      3.007526037266483,
      2.96564442646137,
      2.9309412414033447,
      2.935579690207436,
      2.9089288480515965,
      2.9341959976304897,
      3.0041619175537457,
      2.997367715923964,
      3.021425673757327,
      2.9920110093154815,
      2.9528698574867005,
      2.998008565365159,
      2.9928521674627597,
      2.9123369757884907,
      2.9610624973173167,
      2.99735499549574,
      2.923733318946927,
      2.9450339214832564,
      2.989290132663498,
      2.999024968482238,
      2.9865401172940347,
      2.9541679602363966,
      2.9489050523339424,
      2.9308255620753183,
      2.973297153340539,
      2.8919588051315057,
      2.1486506903704363
    ],
    "bark_axis": [
      0.5,
      1.0,
      1.5,
      2.0,
      2.5,
      3.0,
      3.5,
      4.0,
      4.5,
      5.0,
      5.5,
      6.0,
      6.5,
      7.0,
      7.5,
      8.0,
      8.5,
      9.0,
      9.5,
      10.0,
      10.5,
      11.0,
      11.5,
      12.0,
      12.5,
      13.0,
      13.5,
      14.0,
      14.5,
      15.0,
      15.5,
      16.0,
      16.5,
      17.0,
      17.5,
      18.0,
      18.5,
      19.0,
      19.5,
      20.0,
      20.5,
      21.0,
      21.5,
      22.0,
      22.5,
      23.0,
      23.5,
      24.0,
      24.5,
      25.0,
      25.5,
      26.0,
      26.5
    ]
  },
  "arrays_2d": null,
  "function": "loudness_ecma",
  "metadata": {},
  "mosqito_version": "1.2.1",
  "numpy_version": "2.0.1",
  "python_version": "3.12.5",
  "scalars": {
    "N": 3.295922892194067,
    "N_time_max": 3.9217323710720895,
    "N_time_mean": 3.21714259955283
  },
  "wav": "white_noise_442_1768_Hz_varying.wav",
  "wav_calib": 0.01
}