{
  "arrays_1d": {
    "S": [
      1.9440428847831026,
      1.9301238104138645,
      1.9309436480024833,
      1.9104568824784005,
      1.9247745085469103,
      1.9394201895865186,
      1.9048122577966924,
      1.9064705158091242,
      1.9333312310435693,
      1.9389266477371716,
      1.9454399328790029,
      1.9373460161216902,
      1.916099581545047,
      1.9170188129034087,
      1.9470093805363529,
      1.9353002162467936,
      1.924562338529311,
      1.9264206860202415,
      1.924328168740458,
      1.9274720013843138,
      1.949611786937893,
      1.9437628786379277,
      1.7612330665117204,
      1.7026690936698996,
      1.6879233219854886,
      1.6901038558432273,
      1.6823282782897087,
      1.6846761587307146,
      1.6952018254539123,
      1.6989278229498994,
      1.68927813617547,
      1.6999141778615696,
      1.6989501004036252,
      1.68785104784719,
      1.7027450315937918,
      1.696591259424641,
      1.701845667866778,
      1.703738242364254,
      1.6916650637127473,
      1.6978427062948993,
      1.7055690829240295,
      1.7100089276622388,
      1.6990479125827682,
      1.7056176690475096,
      1.7042165953194717,
      1.7009136968764726,
      1.7308423722564927,
      1.9215073527095066,
      1.936450404442972,
      1.9501295068966262,
      1.9488667716828514,
      1.9596485116548088,
      1.9291640552389695,
      1.9013583447776388,
      1.918632485931543,
      1.9195952869569843,
      1.911692444410172,
      1.9229261876266637,
      1.9593481043191363,
      1.9387103218533575,
      1.9277837965425497,
      1.925029520902595,
      1.9160754117885874,
      1.9099981179705778,
      1.9025061412190483,
      1.9196999458416344,
      1.9279865654261972,
      1.9368819698835416,
      1.9418728145870219
    ],
    "time_axis": [
      0.04265625,
      0.08532291666666666,
      0.12798958333333335,
      0.17065625,
      0.2133229166666667,
      0.2559895833333333,
      0.29865625000000007,
      0.3413229166666667,
      0.3839895833333334,
      0.42665625000000007,
      0.46932291666666676,
      0.5119895833333334,
      0.5546562500000001,
      0.5973229166666668,
      0.6399895833333334,
      0.6826562500000001,
      0.7253229166666667,
      0.7679895833333333,
      0.8106562500000001,
      0.8533229166666667,
      0.8959895833333335,
      0.9386562500000002,
      0.9813229166666668,
      1.0239895833333335,
      1.0666562500000003,
      1.1093229166666667,
      1.1519895833333336,
      1.1946562500000002,
      1.2373229166666668,
      1.2799895833333335,
      1.32265625,
      1.365322916666667,
      1.4079895833333336,
      1.4506562500000002,
      1.493322916666667,
      1.5359895833333337,
      1.5786562500000003,
      1.6213229166666667,
      1.6639895833333336,
      1.7066562500000002,
      1.7493229166666668,
      1.7919895833333337,
      1.83465625,
      1.877322916666667,
      1.9199895833333336,
      1.9626562500000002,
      2.005322916666667,
      2.0479895833333335,
      2.0906562500000003,
      2.1333229166666667,
      2.175989583333333,
      2.2186562500000004,
      2.261322916666667,
      2.3039895833333333,
      2.3466562500000006,
      2.389322916666667,
      2.4319895833333334,
      2.4746562500000002,
      2.517322916666667,
      2.5599895833333335,
      2.6026562500000003,
      2.645322916666667,
      2.6879895833333336,
      2.73065625,
      2.773322916666667,
      2.8159895833333337,
      2.85865625,
      2.901322916666667,
      2.943989583333334
    ]
  },
  "arrays_2d": null,
  "function": "sharpness_din_perseg",
  "metadata": {
    "nperseg": 4096
  },
  "mosqito_version": "1.2.1",
  "numpy_version": "2.0.1",
  "python_version": "3.12.5",
  "scalars": {
    "S_max": 1.9596485116548088,
    "S_mean": 1.8465686891737938
  },
  "wav": "white_noise_442_1768_Hz_varying.wav",
  "wav_calib": 0.01
}